PumpID,Location,PumpLon,PumpLat
1,Broad Street,-0.136647,51.5133645
2,Carnaby Street,-0.1395668,51.513926
3,Marlborough Mews,-0.1395347,51.5149201
4,Dean Street,-0.1318359,51.5126913
5,Rupert Street,-0.1335341,51.5121367
6,Bridle Street,-0.1358787,51.5115723
7,Fishborne Street,-0.1337495,51.5101027
8,Warwick Street,-0.1381676,51.5113535